{
  "pictures":[
    {"picture": "https://grepp-programmers.s3.amazonaws.com/image/resize/production/company/67252/l_8ba7b576-d7e4-41b9-80a9-e3360f0dd8fd.png"},
    {"picture": "https://images.unsplash.com/photo-1502630859934-b3b41d18206c?w=500&h=500&fit=crop"},
    {"picture": "https://images.unsplash.com/photo-1497445462247-4330a224fdb1?w=500&h=500&fit=crop"},
    {"picture": "https://images.unsplash.com/photo-1513721032312-6a18a42c8763?w=152&h=152&fit=crop&crop=faces"},
    {"picture": "https://images.unsplash.com/photo-1511765224389-37f0e77cf0eb?w=500&h=500&fit=crop"},
    {"picture": "https://images.unsplash.com/photo-1513721032312-6a18a42c8763?w=152&h=152&fit=crop&crop=faces"},
    {"picture": "https://images.unsplash.com/photo-1513721032312-6a18a42c8763?w=152&h=152&fit=crop&crop=faces"},
    {"picture": "https://images.unsplash.com/photo-1513721032312-6a18a42c8763?w=152&h=152&fit=crop&crop=faces"},
    {"picture": "https://images.unsplash.com/photo-1513721032312-6a18a42c8763?w=152&h=152&fit=crop&crop=faces"},
    {"picture": "https://images.unsplash.com/photo-1513721032312-6a18a42c8763?w=152&h=152&fit=crop&crop=faces"}
  ]
}